HPL_Tflops;0.000381268;7.30088e-05;3.35674e-05;7.59216e-05;5.42408e-05;8.07596e-05;3.83094e-05;9.11823e-05;6.28034e-05;7.18262e-05;7.32507e-05;3.99579e-05;2.33952e-05;5.28554e-05;6.46999e-05;4.99904e-05;6.053e-05;5.27463e-05;5.14862e-05;3.73115e-05;6.41446e-05;7.53643e-05;0.000381268;7.30088e-05;3.35674e-05;7.59216e-05;5.42408e-05;8.07596e-05;3.83094e-05;9.11823e-05;6.28034e-05;7.18262e-05;7.32507e-05;3.99579e-05;2.33952e-05;5.28554e-05;6.46999e-05;4.99904e-05;6.053e-05;5.27463e-05;5.14862e-05;3.73115e-05;6.41446e-05;7.53643e-05;9.23075e-05;0.000381268;7.30088e-05;3.35674e-05;7.59216e-05;5.42408e-05;8.07596e-05;3.83094e-05;9.11823e-05;6.28034e-05;7.18262e-05;7.32507e-05;3.99579e-05;2.33952e-05;5.28554e-05;6.46999e-05;4.99904e-05;6.053e-05;5.27463e-05;5.14862e-05;3.73115e-05;6.41446e-05;7.53643e-05;9.23075e-05;6.99375e-05;0.000381268;7.30088e-05;3.35674e-05;7.59216e-05;5.42408e-05;8.07596e-05;3.83094e-05;9.11823e-05;6.28034e-05;7.18262e-05;7.32507e-05;3.99579e-05;2.33952e-05;5.28554e-05;6.46999e-05;4.99904e-05;6.053e-05;5.27463e-05;5.14862e-05;3.73115e-05;6.41446e-05;7.53643e-05;9.23075e-05;6.99375e-05;9.30437e-05;0.000381268;7.30088e-05;3.35674e-05;7.59216e-05;5.42408e-05;8.07596e-05;3.83094e-05;9.11823e-05;6.28034e-05;7.18262e-05;7.32507e-05;3.99579e-05;2.33952e-05;5.28554e-05;6.46999e-05;4.99904e-05;6.053e-05;5.27463e-05;5.14862e-05;3.73115e-05;6.41446e-05;7.53643e-05;9.23075e-05;6.99375e-05;9.30437e-05;7.85602e-05;0.000381268;7.30088e-05;3.35674e-05;7.59216e-05;5.42408e-05;8.07596e-05;3.83094e-05;9.11823e-05;6.28034e-05;7.18262e-05;7.32507e-05;3.99579e-05;2.33952e-05;5.28554e-05;6.46999e-05;4.99904e-05;6.053e-05;5.27463e-05;5.14862e-05;3.73115e-05;6.41446e-05;7.53643e-05;9.23075e-05;6.99375e-05;9.30437e-05;7.85602e-05;5.61178e-05;0.000381268;7.30088e-05;3.35674e-05;7.59216e-05;5.42408e-05;8.07596e-05;3.83094e-05;9.11823e-05;6.28034e-05;7.18262e-05;7.32507e-05;3.99579e-05;2.33952e-05;5.28554e-05;6.46999e-05;4.99904e-05;6.053e-05;5.27463e-05;5.14862e-05;3.73115e-05;6.41446e-05;7.53643e-05;9.23075e-05;6.99375e-05;9.30437e-05;7.85602e-05;5.61178e-05;9.04513e-05;0.000381268;7.30088e-05;3.35674e-05;7.59216e-05;5.42408e-05;8.07596e-05;3.83094e-05;9.11823e-05;6.28034e-05;7.18262e-05;7.32507e-05;3.99579e-05;2.33952e-05;5.28554e-05;6.46999e-05;4.99904e-05;6.053e-05;5.27463e-05;5.14862e-05;3.73115e-05;6.41446e-05;7.53643e-05;9.23075e-05;6.99375e-05;9.30437e-05;7.85602e-05;5.61178e-05;9.04513e-05;6.7265e-05;0.000381268;7.30088e-05;3.35674e-05;7.59216e-05;5.42408e-05;8.07596e-05;3.83094e-05;9.11823e-05;6.28034e-05;7.18262e-05;7.32507e-05;3.99579e-05;2.33952e-05;5.28554e-05;6.46999e-05;4.99904e-05;6.053e-05;5.27463e-05;5.14862e-05;3.73115e-05;6.41446e-05;7.53643e-05;9.23075e-05;6.99375e-05;9.30437e-05;7.85602e-05;5.61178e-05;9.04513e-05;6.7265e-05;8.52896e-05;0.000381268;7.30088e-05;3.35674e-05;7.59216e-05;5.42408e-05;8.07596e-05;3.83094e-05;9.11823e-05;6.28034e-05;7.18262e-05;7.32507e-05;3.99579e-05;2.33952e-05;5.28554e-05;6.46999e-05;4.99904e-05;6.053e-05;5.27463e-05;5.14862e-05;3.73115e-05;6.41446e-05;7.53643e-05;9.23075e-05;6.99375e-05;9.30437e-05;7.85602e-05;5.61178e-05;9.04513e-05;6.7265e-05;8.52896e-05;9.50218e-05
StarDGEMM_Gflops;0.103899;0.0167298;0.0161699;0.0166885;0.0167276;0.0167032;0.016621;0.0166755;0.0165412;0.0155836;0.0167107;0.0157462;0.0162906;0.0149378;0.0165886;0.0167051;0.0167355;0.0167027;0.016606;0.0155123;0.0166356;0.0153343;0.103899;0.0167298;0.0161699;0.0166885;0.0167276;0.0167032;0.016621;0.0166755;0.0165412;0.0155836;0.0167107;0.0157462;0.0162906;0.0149378;0.0165886;0.0167051;0.0167355;0.0167027;0.016606;0.0155123;0.0166356;0.0153343;0.0153638;0.103899;0.0167298;0.0161699;0.0166885;0.0167276;0.0167032;0.016621;0.0166755;0.0165412;0.0155836;0.0167107;0.0157462;0.0162906;0.0149378;0.0165886;0.0167051;0.0167355;0.0167027;0.016606;0.0155123;0.0166356;0.0153343;0.0153638;0.0166546;0.103899;0.0167298;0.0161699;0.0166885;0.0167276;0.0167032;0.016621;0.0166755;0.0165412;0.0155836;0.0167107;0.0157462;0.0162906;0.0149378;0.0165886;0.0167051;0.0167355;0.0167027;0.016606;0.0155123;0.0166356;0.0153343;0.0153638;0.0166546;0.015353;0.103899;0.0167298;0.0161699;0.0166885;0.0167276;0.0167032;0.016621;0.0166755;0.0165412;0.0155836;0.0167107;0.0157462;0.0162906;0.0149378;0.0165886;0.0167051;0.0167355;0.0167027;0.016606;0.0155123;0.0166356;0.0153343;0.0153638;0.0166546;0.015353;0.0167655;0.103899;0.0167298;0.0161699;0.0166885;0.0167276;0.0167032;0.016621;0.0166755;0.0165412;0.0155836;0.0167107;0.0157462;0.0162906;0.0149378;0.0165886;0.0167051;0.0167355;0.0167027;0.016606;0.0155123;0.0166356;0.0153343;0.0153638;0.0166546;0.015353;0.0167655;0.0166345;0.103899;0.0167298;0.0161699;0.0166885;0.0167276;0.0167032;0.016621;0.0166755;0.0165412;0.0155836;0.0167107;0.0157462;0.0162906;0.0149378;0.0165886;0.0167051;0.0167355;0.0167027;0.016606;0.0155123;0.0166356;0.0153343;0.0153638;0.0166546;0.015353;0.0167655;0.0166345;0.0159446;0.103899;0.0167298;0.0161699;0.0166885;0.0167276;0.0167032;0.016621;0.0166755;0.0165412;0.0155836;0.0167107;0.0157462;0.0162906;0.0149378;0.0165886;0.0167051;0.0167355;0.0167027;0.016606;0.0155123;0.0166356;0.0153343;0.0153638;0.0166546;0.015353;0.0167655;0.0166345;0.0159446;0.0167237;0.103899;0.0167298;0.0161699;0.0166885;0.0167276;0.0167032;0.016621;0.0166755;0.0165412;0.0155836;0.0167107;0.0157462;0.0162906;0.0149378;0.0165886;0.0167051;0.0167355;0.0167027;0.016606;0.0155123;0.0166356;0.0153343;0.0153638;0.0166546;0.015353;0.0167655;0.0166345;0.0159446;0.0167237;0.0156285;0.103899;0.0167298;0.0161699;0.0166885;0.0167276;0.0167032;0.016621;0.0166755;0.0165412;0.0155836;0.0167107;0.0157462;0.0162906;0.0149378;0.0165886;0.0167051;0.0167355;0.0167027;0.016606;0.0155123;0.0166356;0.0153343;0.0153638;0.0166546;0.015353;0.0167655;0.0166345;0.0159446;0.0167237;0.0156285;0.0154337
SingleDGEMM_Gflops;0.180361;0.0179744;0.0180321;0.0214333;0.0161428;0.0184391;0.0184098;0.0179558;0.0168699;0.017837;0.0181763;0.0481966;0.0180205;0.0171302;0.0177818;0.0181945;0.0181484;0.017309;0.0203252;0.0182839;0.0178854;0.0199952;0.180361;0.0179744;0.0180321;0.0214333;0.0161428;0.0184391;0.0184098;0.0179558;0.0168699;0.017837;0.0181763;0.0481966;0.0180205;0.0171302;0.0177818;0.0181945;0.0181484;0.017309;0.0203252;0.0182839;0.0178854;0.0199952;0.0178726;0.180361;0.0179744;0.0180321;0.0214333;0.0161428;0.0184391;0.0184098;0.0179558;0.0168699;0.017837;0.0181763;0.0481966;0.0180205;0.0171302;0.0177818;0.0181945;0.0181484;0.017309;0.0203252;0.0182839;0.0178854;0.0199952;0.0178726;0.0181692;0.180361;0.0179744;0.0180321;0.0214333;0.0161428;0.0184391;0.0184098;0.0179558;0.0168699;0.017837;0.0181763;0.0481966;0.0180205;0.0171302;0.0177818;0.0181945;0.0181484;0.017309;0.0203252;0.0182839;0.0178854;0.0199952;0.0178726;0.0181692;0.0181471;0.180361;0.0179744;0.0180321;0.0214333;0.0161428;0.0184391;0.0184098;0.0179558;0.0168699;0.017837;0.0181763;0.0481966;0.0180205;0.0171302;0.0177818;0.0181945;0.0181484;0.017309;0.0203252;0.0182839;0.0178854;0.0199952;0.0178726;0.0181692;0.0181471;0.0182832;0.180361;0.0179744;0.0180321;0.0214333;0.0161428;0.0184391;0.0184098;0.0179558;0.0168699;0.017837;0.0181763;0.0481966;0.0180205;0.0171302;0.0177818;0.0181945;0.0181484;0.017309;0.0203252;0.0182839;0.0178854;0.0199952;0.0178726;0.0181692;0.0181471;0.0182832;0.0181517;0.180361;0.0179744;0.0180321;0.0214333;0.0161428;0.0184391;0.0184098;0.0179558;0.0168699;0.017837;0.0181763;0.0481966;0.0180205;0.0171302;0.0177818;0.0181945;0.0181484;0.017309;0.0203252;0.0182839;0.0178854;0.0199952;0.0178726;0.0181692;0.0181471;0.0182832;0.0181517;0.0177332;0.180361;0.0179744;0.0180321;0.0214333;0.0161428;0.0184391;0.0184098;0.0179558;0.0168699;0.017837;0.0181763;0.0481966;0.0180205;0.0171302;0.0177818;0.0181945;0.0181484;0.017309;0.0203252;0.0182839;0.0178854;0.0199952;0.0178726;0.0181692;0.0181471;0.0182832;0.0181517;0.0177332;0.0180573;0.180361;0.0179744;0.0180321;0.0214333;0.0161428;0.0184391;0.0184098;0.0179558;0.0168699;0.017837;0.0181763;0.0481966;0.0180205;0.0171302;0.0177818;0.0181945;0.0181484;0.017309;0.0203252;0.0182839;0.0178854;0.0199952;0.0178726;0.0181692;0.0181471;0.0182832;0.0181517;0.0177332;0.0180573;0.0181554;0.180361;0.0179744;0.0180321;0.0214333;0.0161428;0.0184391;0.0184098;0.0179558;0.0168699;0.017837;0.0181763;0.0481966;0.0180205;0.0171302;0.0177818;0.0181945;0.0181484;0.017309;0.0203252;0.0182839;0.0178854;0.0199952;0.0178726;0.0181692;0.0181471;0.0182832;0.0181517;0.0177332;0.0180573;0.0181554;0.0179104
PTRANS_GBs;0.0616517;0.00217429;0.0222596;0.00102904;0.0209898;0.0194724;0.0140634;0.0240796;0.0197757;0.0222342;0.0163081;0.00123053;0.0102982;0.0113914;0.00124196;0.00190093;0.00460696;0.0156154;0.00238752;0.0110751;0.00095675;0.0222144;0.0616517;0.00217429;0.0222596;0.00102904;0.0209898;0.0194724;0.0140634;0.0240796;0.0197757;0.0222342;0.0163081;0.00123053;0.0102982;0.0113914;0.00124196;0.00190093;0.00460696;0.0156154;0.00238752;0.0110751;0.00095675;0.0222144;0.00102087;0.0616517;0.00217429;0.0222596;0.00102904;0.0209898;0.0194724;0.0140634;0.0240796;0.0197757;0.0222342;0.0163081;0.00123053;0.0102982;0.0113914;0.00124196;0.00190093;0.00460696;0.0156154;0.00238752;0.0110751;0.00095675;0.0222144;0.00102087;0.020909;0.0616517;0.00217429;0.0222596;0.00102904;0.0209898;0.0194724;0.0140634;0.0240796;0.0197757;0.0222342;0.0163081;0.00123053;0.0102982;0.0113914;0.00124196;0.00190093;0.00460696;0.0156154;0.00238752;0.0110751;0.00095675;0.0222144;0.00102087;0.020909;0.00162548;0.0616517;0.00217429;0.0222596;0.00102904;0.0209898;0.0194724;0.0140634;0.0240796;0.0197757;0.0222342;0.0163081;0.00123053;0.0102982;0.0113914;0.00124196;0.00190093;0.00460696;0.0156154;0.00238752;0.0110751;0.00095675;0.0222144;0.00102087;0.020909;0.00162548;0.0226771;0.0616517;0.00217429;0.0222596;0.00102904;0.0209898;0.0194724;0.0140634;0.0240796;0.0197757;0.0222342;0.0163081;0.00123053;0.0102982;0.0113914;0.00124196;0.00190093;0.00460696;0.0156154;0.00238752;0.0110751;0.00095675;0.0222144;0.00102087;0.020909;0.00162548;0.0226771;0.0214084;0.0616517;0.00217429;0.0222596;0.00102904;0.0209898;0.0194724;0.0140634;0.0240796;0.0197757;0.0222342;0.0163081;0.00123053;0.0102982;0.0113914;0.00124196;0.00190093;0.00460696;0.0156154;0.00238752;0.0110751;0.00095675;0.0222144;0.00102087;0.020909;0.00162548;0.0226771;0.0214084;0.0210659;0.0616517;0.00217429;0.0222596;0.00102904;0.0209898;0.0194724;0.0140634;0.0240796;0.0197757;0.0222342;0.0163081;0.00123053;0.0102982;0.0113914;0.00124196;0.00190093;0.00460696;0.0156154;0.00238752;0.0110751;0.00095675;0.0222144;0.00102087;0.020909;0.00162548;0.0226771;0.0214084;0.0210659;0.022082;0.0616517;0.00217429;0.0222596;0.00102904;0.0209898;0.0194724;0.0140634;0.0240796;0.0197757;0.0222342;0.0163081;0.00123053;0.0102982;0.0113914;0.00124196;0.00190093;0.00460696;0.0156154;0.00238752;0.0110751;0.00095675;0.0222144;0.00102087;0.020909;0.00162548;0.0226771;0.0214084;0.0210659;0.022082;0.0171876;0.0616517;0.00217429;0.0222596;0.00102904;0.0209898;0.0194724;0.0140634;0.0240796;0.0197757;0.0222342;0.0163081;0.00123053;0.0102982;0.0113914;0.00124196;0.00190093;0.00460696;0.0156154;0.00238752;0.0110751;0.00095675;0.0222144;0.00102087;0.020909;0.00162548;0.0226771;0.0214084;0.0210659;0.022082;0.0171876;0.0213003
MPIRandomAccess_GUPs;0.00419458;0.000196314;0.000196348;0.000197118;0.000216561;0.000203988;0.000215333;0.000189076;0.000190628;0.000180137;0.000205548;0.000182568;0.00016808;0.000170674;0.000185216;0.000188787;0.000186359;0.000190796;0.000185105;0.000185473;0.000181489;0.000206697;0.00419458;0.000196314;0.000196348;0.000197118;0.000216561;0.000203988;0.000215333;0.000189076;0.000190628;0.000180137;0.000205548;0.000182568;0.00016808;0.000170674;0.000185216;0.000188787;0.000186359;0.000190796;0.000185105;0.000185473;0.000181489;0.000206697;0.000212555;0.00419458;0.000196314;0.000196348;0.000197118;0.000216561;0.000203988;0.000215333;0.000189076;0.000190628;0.000180137;0.000205548;0.000182568;0.00016808;0.000170674;0.000185216;0.000188787;0.000186359;0.000190796;0.000185105;0.000185473;0.000181489;0.000206697;0.000212555;0.000205948;0.00419458;0.000196314;0.000196348;0.000197118;0.000216561;0.000203988;0.000215333;0.000189076;0.000190628;0.000180137;0.000205548;0.000182568;0.00016808;0.000170674;0.000185216;0.000188787;0.000186359;0.000190796;0.000185105;0.000185473;0.000181489;0.000206697;0.000212555;0.000205948;0.000207361;0.00419458;0.000196314;0.000196348;0.000197118;0.000216561;0.000203988;0.000215333;0.000189076;0.000190628;0.000180137;0.000205548;0.000182568;0.00016808;0.000170674;0.000185216;0.000188787;0.000186359;0.000190796;0.000185105;0.000185473;0.000181489;0.000206697;0.000212555;0.000205948;0.000207361;0.000219224;0.00419458;0.000196314;0.000196348;0.000197118;0.000216561;0.000203988;0.000215333;0.000189076;0.000190628;0.000180137;0.000205548;0.000182568;0.00016808;0.000170674;0.000185216;0.000188787;0.000186359;0.000190796;0.000185105;0.000185473;0.000181489;0.000206697;0.000212555;0.000205948;0.000207361;0.000219224;0.000204753;0.00419458;0.000196314;0.000196348;0.000197118;0.000216561;0.000203988;0.000215333;0.000189076;0.000190628;0.000180137;0.000205548;0.000182568;0.00016808;0.000170674;0.000185216;0.000188787;0.000186359;0.000190796;0.000185105;0.000185473;0.000181489;0.000206697;0.000212555;0.000205948;0.000207361;0.000219224;0.000204753;0.00017791;0.00419458;0.000196314;0.000196348;0.000197118;0.000216561;0.000203988;0.000215333;0.000189076;0.000190628;0.000180137;0.000205548;0.000182568;0.00016808;0.000170674;0.000185216;0.000188787;0.000186359;0.000190796;0.000185105;0.000185473;0.000181489;0.000206697;0.000212555;0.000205948;0.000207361;0.000219224;0.000204753;0.00017791;0.000222224;0.00419458;0.000196314;0.000196348;0.000197118;0.000216561;0.000203988;0.000215333;0.000189076;0.000190628;0.000180137;0.000205548;0.000182568;0.00016808;0.000170674;0.000185216;0.000188787;0.000186359;0.000190796;0.000185105;0.000185473;0.000181489;0.000206697;0.000212555;0.000205948;0.000207361;0.000219224;0.000204753;0.00017791;0.000222224;0.000210314;0.00419458;0.000196314;0.000196348;0.000197118;0.000216561;0.000203988;0.000215333;0.000189076;0.000190628;0.000180137;0.000205548;0.000182568;0.00016808;0.000170674;0.000185216;0.000188787;0.000186359;0.000190796;0.000185105;0.000185473;0.000181489;0.000206697;0.000212555;0.000205948;0.000207361;0.000219224;0.000204753;0.00017791;0.000222224;0.000210314;0.000220082
StarRandomAccess_LCG_GUPs;0.00249447;0.000421347;0.000515751;0.000517583;0.000517113;0.000517577;0.000516761;0.000514403;0.000513554;0.000510187;0.000439962;0.000579878;0.000495213;0.000592052;0.000544595;0.000527209;0.000454313;0.000515383;0.000537823;0.00048846;0.000572785;0.000509098;0.00249447;0.000421347;0.000515751;0.000517583;0.000517113;0.000517577;0.000516761;0.000514403;0.000513554;0.000510187;0.000439962;0.000579878;0.000495213;0.000592052;0.000544595;0.000527209;0.000454313;0.000515383;0.000537823;0.00048846;0.000572785;0.000509098;0.000518515;0.00249447;0.000421347;0.000515751;0.000517583;0.000517113;0.000517577;0.000516761;0.000514403;0.000513554;0.000510187;0.000439962;0.000579878;0.000495213;0.000592052;0.000544595;0.000527209;0.000454313;0.000515383;0.000537823;0.00048846;0.000572785;0.000509098;0.000518515;0.000516446;0.00249447;0.000421347;0.000515751;0.000517583;0.000517113;0.000517577;0.000516761;0.000514403;0.000513554;0.000510187;0.000439962;0.000579878;0.000495213;0.000592052;0.000544595;0.000527209;0.000454313;0.000515383;0.000537823;0.00048846;0.000572785;0.000509098;0.000518515;0.000516446;0.000508244;0.00249447;0.000421347;0.000515751;0.000517583;0.000517113;0.000517577;0.000516761;0.000514403;0.000513554;0.000510187;0.000439962;0.000579878;0.000495213;0.000592052;0.000544595;0.000527209;0.000454313;0.000515383;0.000537823;0.00048846;0.000572785;0.000509098;0.000518515;0.000516446;0.000508244;0.000514487;0.00249447;0.000421347;0.000515751;0.000517583;0.000517113;0.000517577;0.000516761;0.000514403;0.000513554;0.000510187;0.000439962;0.000579878;0.000495213;0.000592052;0.000544595;0.000527209;0.000454313;0.000515383;0.000537823;0.00048846;0.000572785;0.000509098;0.000518515;0.000516446;0.000508244;0.000514487;0.000517554;0.00249447;0.000421347;0.000515751;0.000517583;0.000517113;0.000517577;0.000516761;0.000514403;0.000513554;0.000510187;0.000439962;0.000579878;0.000495213;0.000592052;0.000544595;0.000527209;0.000454313;0.000515383;0.000537823;0.00048846;0.000572785;0.000509098;0.000518515;0.000516446;0.000508244;0.000514487;0.000517554;0.000516643;0.00249447;0.000421347;0.000515751;0.000517583;0.000517113;0.000517577;0.000516761;0.000514403;0.000513554;0.000510187;0.000439962;0.000579878;0.000495213;0.000592052;0.000544595;0.000527209;0.000454313;0.000515383;0.000537823;0.00048846;0.000572785;0.000509098;0.000518515;0.000516446;0.000508244;0.000514487;0.000517554;0.000516643;0.000507904;0.00249447;0.000421347;0.000515751;0.000517583;0.000517113;0.000517577;0.000516761;0.000514403;0.000513554;0.000510187;0.000439962;0.000579878;0.000495213;0.000592052;0.000544595;0.000527209;0.000454313;0.000515383;0.000537823;0.00048846;0.000572785;0.000509098;0.000518515;0.000516446;0.000508244;0.000514487;0.000517554;0.000516643;0.000507904;0.000519245;0.00249447;0.000421347;0.000515751;0.000517583;0.000517113;0.000517577;0.000516761;0.000514403;0.000513554;0.000510187;0.000439962;0.000579878;0.000495213;0.000592052;0.000544595;0.000527209;0.000454313;0.000515383;0.000537823;0.00048846;0.000572785;0.000509098;0.000518515;0.000516446;0.000508244;0.000514487;0.000517554;0.000516643;0.000507904;0.000519245;0.000518582
SingleRandomAccess_LCG_GUPs;0.00373628;0.000643842;0.000577006;0.000649293;0.000664943;0.000659716;0.000647244;0.000663965;0.000658894;0.000651338;0.000658482;0.000645679;0.000578641;0.000617097;0.000654407;0.000686202;0.000661197;0.000656694;0.000620528;0.000644835;0.000663415;0.000491822;0.00373628;0.000643842;0.000577006;0.000649293;0.000664943;0.000659716;0.000647244;0.000663965;0.000658894;0.000651338;0.000658482;0.000645679;0.000578641;0.000617097;0.000654407;0.000686202;0.000661197;0.000656694;0.000620528;0.000644835;0.000663415;0.000491822;0.000655238;0.00373628;0.000643842;0.000577006;0.000649293;0.000664943;0.000659716;0.000647244;0.000663965;0.000658894;0.000651338;0.000658482;0.000645679;0.000578641;0.000617097;0.000654407;0.000686202;0.000661197;0.000656694;0.000620528;0.000644835;0.000663415;0.000491822;0.000655238;0.000662666;0.00373628;0.000643842;0.000577006;0.000649293;0.000664943;0.000659716;0.000647244;0.000663965;0.000658894;0.000651338;0.000658482;0.000645679;0.000578641;0.000617097;0.000654407;0.000686202;0.000661197;0.000656694;0.000620528;0.000644835;0.000663415;0.000491822;0.000655238;0.000662666;0.000650064;0.00373628;0.000643842;0.000577006;0.000649293;0.000664943;0.000659716;0.000647244;0.000663965;0.000658894;0.000651338;0.000658482;0.000645679;0.000578641;0.000617097;0.000654407;0.000686202;0.000661197;0.000656694;0.000620528;0.000644835;0.000663415;0.000491822;0.000655238;0.000662666;0.000650064;0.000639873;0.00373628;0.000643842;0.000577006;0.000649293;0.000664943;0.000659716;0.000647244;0.000663965;0.000658894;0.000651338;0.000658482;0.000645679;0.000578641;0.000617097;0.000654407;0.000686202;0.000661197;0.000656694;0.000620528;0.000644835;0.000663415;0.000491822;0.000655238;0.000662666;0.000650064;0.000639873;0.000650655;0.00373628;0.000643842;0.000577006;0.000649293;0.000664943;0.000659716;0.000647244;0.000663965;0.000658894;0.000651338;0.000658482;0.000645679;0.000578641;0.000617097;0.000654407;0.000686202;0.000661197;0.000656694;0.000620528;0.000644835;0.000663415;0.000491822;0.000655238;0.000662666;0.000650064;0.000639873;0.000650655;0.000650011;0.00373628;0.000643842;0.000577006;0.000649293;0.000664943;0.000659716;0.000647244;0.000663965;0.000658894;0.000651338;0.000658482;0.000645679;0.000578641;0.000617097;0.000654407;0.000686202;0.000661197;0.000656694;0.000620528;0.000644835;0.000663415;0.000491822;0.000655238;0.000662666;0.000650064;0.000639873;0.000650655;0.000650011;0.000641523;0.00373628;0.000643842;0.000577006;0.000649293;0.000664943;0.000659716;0.000647244;0.000663965;0.000658894;0.000651338;0.000658482;0.000645679;0.000578641;0.000617097;0.000654407;0.000686202;0.000661197;0.000656694;0.000620528;0.000644835;0.000663415;0.000491822;0.000655238;0.000662666;0.000650064;0.000639873;0.000650655;0.000650011;0.000641523;0.000660365;0.00373628;0.000643842;0.000577006;0.000649293;0.000664943;0.000659716;0.000647244;0.000663965;0.000658894;0.000651338;0.000658482;0.000645679;0.000578641;0.000617097;0.000654407;0.000686202;0.000661197;0.000656694;0.000620528;0.000644835;0.000663415;0.000491822;0.000655238;0.000662666;0.000650064;0.000639873;0.000650655;0.000650011;0.000641523;0.000660365;0.000654548
StarSTREAM_Triad;0.425579;0.0954079;0.0988864;0.104352;0.107256;0.0851069;0.0907839;0.0861119;0.0817225;0.104452;0.100099;0.0868709;0.0859138;0.0866606;0.0880798;0.0836337;0.100507;0.0821091;0.120253;0.0915603;0.0913928;0.0911557;0.425579;0.0954079;0.0988864;0.104352;0.107256;0.0851069;0.0907839;0.0861119;0.0817225;0.104452;0.100099;0.0868709;0.0859138;0.0866606;0.0880798;0.0836337;0.100507;0.0821091;0.120253;0.0915603;0.0913928;0.0911557;0.0944598;0.425579;0.0954079;0.0988864;0.104352;0.107256;0.0851069;0.0907839;0.0861119;0.0817225;0.104452;0.100099;0.0868709;0.0859138;0.0866606;0.0880798;0.0836337;0.100507;0.0821091;0.120253;0.0915603;0.0913928;0.0911557;0.0944598;0.0951069;0.425579;0.0954079;0.0988864;0.104352;0.107256;0.0851069;0.0907839;0.0861119;0.0817225;0.104452;0.100099;0.0868709;0.0859138;0.0866606;0.0880798;0.0836337;0.100507;0.0821091;0.120253;0.0915603;0.0913928;0.0911557;0.0944598;0.0951069;0.0985714;0.425579;0.0954079;0.0988864;0.104352;0.107256;0.0851069;0.0907839;0.0861119;0.0817225;0.104452;0.100099;0.0868709;0.0859138;0.0866606;0.0880798;0.0836337;0.100507;0.0821091;0.120253;0.0915603;0.0913928;0.0911557;0.0944598;0.0951069;0.0985714;0.0927315;0.425579;0.0954079;0.0988864;0.104352;0.107256;0.0851069;0.0907839;0.0861119;0.0817225;0.104452;0.100099;0.0868709;0.0859138;0.0866606;0.0880798;0.0836337;0.100507;0.0821091;0.120253;0.0915603;0.0913928;0.0911557;0.0944598;0.0951069;0.0985714;0.0927315;0.100926;0.425579;0.0954079;0.0988864;0.104352;0.107256;0.0851069;0.0907839;0.0861119;0.0817225;0.104452;0.100099;0.0868709;0.0859138;0.0866606;0.0880798;0.0836337;0.100507;0.0821091;0.120253;0.0915603;0.0913928;0.0911557;0.0944598;0.0951069;0.0985714;0.0927315;0.100926;0.0883448;0.425579;0.0954079;0.0988864;0.104352;0.107256;0.0851069;0.0907839;0.0861119;0.0817225;0.104452;0.100099;0.0868709;0.0859138;0.0866606;0.0880798;0.0836337;0.100507;0.0821091;0.120253;0.0915603;0.0913928;0.0911557;0.0944598;0.0951069;0.0985714;0.0927315;0.100926;0.0883448;0.0869381;0.425579;0.0954079;0.0988864;0.104352;0.107256;0.0851069;0.0907839;0.0861119;0.0817225;0.104452;0.100099;0.0868709;0.0859138;0.0866606;0.0880798;0.0836337;0.100507;0.0821091;0.120253;0.0915603;0.0913928;0.0911557;0.0944598;0.0951069;0.0985714;0.0927315;0.100926;0.0883448;0.0869381;0.0890271;0.425579;0.0954079;0.0988864;0.104352;0.107256;0.0851069;0.0907839;0.0861119;0.0817225;0.104452;0.100099;0.0868709;0.0859138;0.0866606;0.0880798;0.0836337;0.100507;0.0821091;0.120253;0.0915603;0.0913928;0.0911557;0.0944598;0.0951069;0.0985714;0.0927315;0.100926;0.0883448;0.0869381;0.0890271;0.0921576
StarFFT_Gflops;0.0542705;0.00453098;0.00530902;0.0055456;0.00555756;0.00553246;0.00555565;0.00554009;0.00556141;0.00667701;0.0055495;0.00558931;0.00586398;0.00567749;0.00555081;0.00544971;0.00566103;0.0054257;0.00572576;0.0055517;0.00547695;0.00555124;0.0542705;0.00453098;0.00530902;0.0055456;0.00555756;0.00553246;0.00555565;0.00554009;0.00556141;0.00667701;0.0055495;0.00558931;0.00586398;0.00567749;0.00555081;0.00544971;0.00566103;0.0054257;0.00572576;0.0055517;0.00547695;0.00555124;0.00556415;0.0542705;0.00453098;0.00530902;0.0055456;0.00555756;0.00553246;0.00555565;0.00554009;0.00556141;0.00667701;0.0055495;0.00558931;0.00586398;0.00567749;0.00555081;0.00544971;0.00566103;0.0054257;0.00572576;0.0055517;0.00547695;0.00555124;0.00556415;0.00554744;0.0542705;0.00453098;0.00530902;0.0055456;0.00555756;0.00553246;0.00555565;0.00554009;0.00556141;0.00667701;0.0055495;0.00558931;0.00586398;0.00567749;0.00555081;0.00544971;0.00566103;0.0054257;0.00572576;0.0055517;0.00547695;0.00555124;0.00556415;0.00554744;0.00557894;0.0542705;0.00453098;0.00530902;0.0055456;0.00555756;0.00553246;0.00555565;0.00554009;0.00556141;0.00667701;0.0055495;0.00558931;0.00586398;0.00567749;0.00555081;0.00544971;0.00566103;0.0054257;0.00572576;0.0055517;0.00547695;0.00555124;0.00556415;0.00554744;0.00557894;0.00554196;0.0542705;0.00453098;0.00530902;0.0055456;0.00555756;0.00553246;0.00555565;0.00554009;0.00556141;0.00667701;0.0055495;0.00558931;0.00586398;0.00567749;0.00555081;0.00544971;0.00566103;0.0054257;0.00572576;0.0055517;0.00547695;0.00555124;0.00556415;0.00554744;0.00557894;0.00554196;0.00555011;0.0542705;0.00453098;0.00530902;0.0055456;0.00555756;0.00553246;0.00555565;0.00554009;0.00556141;0.00667701;0.0055495;0.00558931;0.00586398;0.00567749;0.00555081;0.00544971;0.00566103;0.0054257;0.00572576;0.0055517;0.00547695;0.00555124;0.00556415;0.00554744;0.00557894;0.00554196;0.00555011;0.0055519;0.0542705;0.00453098;0.00530902;0.0055456;0.00555756;0.00553246;0.00555565;0.00554009;0.00556141;0.00667701;0.0055495;0.00558931;0.00586398;0.00567749;0.00555081;0.00544971;0.00566103;0.0054257;0.00572576;0.0055517;0.00547695;0.00555124;0.00556415;0.00554744;0.00557894;0.00554196;0.00555011;0.0055519;0.00555555;0.0542705;0.00453098;0.00530902;0.0055456;0.00555756;0.00553246;0.00555565;0.00554009;0.00556141;0.00667701;0.0055495;0.00558931;0.00586398;0.00567749;0.00555081;0.00544971;0.00566103;0.0054257;0.00572576;0.0055517;0.00547695;0.00555124;0.00556415;0.00554744;0.00557894;0.00554196;0.00555011;0.0055519;0.00555555;0.00528721;0.0542705;0.00453098;0.00530902;0.0055456;0.00555756;0.00553246;0.00555565;0.00554009;0.00556141;0.00667701;0.0055495;0.00558931;0.00586398;0.00567749;0.00555081;0.00544971;0.00566103;0.0054257;0.00572576;0.0055517;0.00547695;0.00555124;0.00556415;0.00554744;0.00557894;0.00554196;0.00555011;0.0055519;0.00555555;0.00528721;0.00553301
SingleFFT_Gflops;0.0611017;0.00585944;0.00572349;0.00570615;0.00572132;0.00567122;0.00567822;0.00587815;0.00570647;0.00560308;0.00560586;0.00592022;0.00555443;0.00561747;0.00490657;0.00581995;0.00556549;0.00553273;0.00593795;0.00582429;0.00590537;0.00549507;0.0611017;0.00585944;0.00572349;0.00570615;0.00572132;0.00567122;0.00567822;0.00587815;0.00570647;0.00560308;0.00560586;0.00592022;0.00555443;0.00561747;0.00490657;0.00581995;0.00556549;0.00553273;0.00593795;0.00582429;0.00590537;0.00549507;0.00541648;0.0611017;0.00585944;0.00572349;0.00570615;0.00572132;0.00567122;0.00567822;0.00587815;0.00570647;0.00560308;0.00560586;0.00592022;0.00555443;0.00561747;0.00490657;0.00581995;0.00556549;0.00553273;0.00593795;0.00582429;0.00590537;0.00549507;0.00541648;0.00563645;0.0611017;0.00585944;0.00572349;0.00570615;0.00572132;0.00567122;0.00567822;0.00587815;0.00570647;0.00560308;0.00560586;0.00592022;0.00555443;0.00561747;0.00490657;0.00581995;0.00556549;0.00553273;0.00593795;0.00582429;0.00590537;0.00549507;0.00541648;0.00563645;0.00377779;0.0611017;0.00585944;0.00572349;0.00570615;0.00572132;0.00567122;0.00567822;0.00587815;0.00570647;0.00560308;0.00560586;0.00592022;0.00555443;0.00561747;0.00490657;0.00581995;0.00556549;0.00553273;0.00593795;0.00582429;0.00590537;0.00549507;0.00541648;0.00563645;0.00377779;0.00555204;0.0611017;0.00585944;0.00572349;0.00570615;0.00572132;0.00567122;0.00567822;0.00587815;0.00570647;0.00560308;0.00560586;0.00592022;0.00555443;0.00561747;0.00490657;0.00581995;0.00556549;0.00553273;0.00593795;0.00582429;0.00590537;0.00549507;0.00541648;0.00563645;0.00377779;0.00555204;0.00587774;0.0611017;0.00585944;0.00572349;0.00570615;0.00572132;0.00567122;0.00567822;0.00587815;0.00570647;0.00560308;0.00560586;0.00592022;0.00555443;0.00561747;0.00490657;0.00581995;0.00556549;0.00553273;0.00593795;0.00582429;0.00590537;0.00549507;0.00541648;0.00563645;0.00377779;0.00555204;0.00587774;0.00480398;0.0611017;0.00585944;0.00572349;0.00570615;0.00572132;0.00567122;0.00567822;0.00587815;0.00570647;0.00560308;0.00560586;0.00592022;0.00555443;0.00561747;0.00490657;0.00581995;0.00556549;0.00553273;0.00593795;0.00582429;0.00590537;0.00549507;0.00541648;0.00563645;0.00377779;0.00555204;0.00587774;0.00480398;0.00570061;0.0611017;0.00585944;0.00572349;0.00570615;0.00572132;0.00567122;0.00567822;0.00587815;0.00570647;0.00560308;0.00560586;0.00592022;0.00555443;0.00561747;0.00490657;0.00581995;0.00556549;0.00553273;0.00593795;0.00582429;0.00590537;0.00549507;0.00541648;0.00563645;0.00377779;0.00555204;0.00587774;0.00480398;0.00570061;0.00559791;0.0611017;0.00585944;0.00572349;0.00570615;0.00572132;0.00567122;0.00567822;0.00587815;0.00570647;0.00560308;0.00560586;0.00592022;0.00555443;0.00561747;0.00490657;0.00581995;0.00556549;0.00553273;0.00593795;0.00582429;0.00590537;0.00549507;0.00541648;0.00563645;0.00377779;0.00555204;0.00587774;0.00480398;0.00570061;0.00559791;0.00506565
MPIFFT_Gflops;0.148797;0.0651884;0.0639988;0.0678794;0.0639989;0.0462767;0.0652051;0.0611933;0.065148;0.0333235;0.0558611;0.0275722;0.00866893;0.0291829;0.0250907;0.0267405;0.0154145;0.0286194;0.0284498;0.0244039;0.0278872;0.0653882;0.148797;0.0651884;0.0639988;0.0678794;0.0639989;0.0462767;0.0652051;0.0611933;0.065148;0.0333235;0.0558611;0.0275722;0.00866893;0.0291829;0.0250907;0.0267405;0.0154145;0.0286194;0.0284498;0.0244039;0.0278872;0.0653882;0.0691678;0.148797;0.0651884;0.0639988;0.0678794;0.0639989;0.0462767;0.0652051;0.0611933;0.065148;0.0333235;0.0558611;0.0275722;0.00866893;0.0291829;0.0250907;0.0267405;0.0154145;0.0286194;0.0284498;0.0244039;0.0278872;0.0653882;0.0691678;0.0673603;0.148797;0.0651884;0.0639988;0.0678794;0.0639989;0.0462767;0.0652051;0.0611933;0.065148;0.0333235;0.0558611;0.0275722;0.00866893;0.0291829;0.0250907;0.0267405;0.0154145;0.0286194;0.0284498;0.0244039;0.0278872;0.0653882;0.0691678;0.0673603;0.0624736;0.148797;0.0651884;0.0639988;0.0678794;0.0639989;0.0462767;0.0652051;0.0611933;0.065148;0.0333235;0.0558611;0.0275722;0.00866893;0.0291829;0.0250907;0.0267405;0.0154145;0.0286194;0.0284498;0.0244039;0.0278872;0.0653882;0.0691678;0.0673603;0.0624736;0.0658572;0.148797;0.0651884;0.0639988;0.0678794;0.0639989;0.0462767;0.0652051;0.0611933;0.065148;0.0333235;0.0558611;0.0275722;0.00866893;0.0291829;0.0250907;0.0267405;0.0154145;0.0286194;0.0284498;0.0244039;0.0278872;0.0653882;0.0691678;0.0673603;0.0624736;0.0658572;0.035729;0.148797;0.0651884;0.0639988;0.0678794;0.0639989;0.0462767;0.0652051;0.0611933;0.065148;0.0333235;0.0558611;0.0275722;0.00866893;0.0291829;0.0250907;0.0267405;0.0154145;0.0286194;0.0284498;0.0244039;0.0278872;0.0653882;0.0691678;0.0673603;0.0624736;0.0658572;0.035729;0.0617995;0.148797;0.0651884;0.0639988;0.0678794;0.0639989;0.0462767;0.0652051;0.0611933;0.065148;0.0333235;0.0558611;0.0275722;0.00866893;0.0291829;0.0250907;0.0267405;0.0154145;0.0286194;0.0284498;0.0244039;0.0278872;0.0653882;0.0691678;0.0673603;0.0624736;0.0658572;0.035729;0.0617995;0.0662505;0.148797;0.0651884;0.0639988;0.0678794;0.0639989;0.0462767;0.0652051;0.0611933;0.065148;0.0333235;0.0558611;0.0275722;0.00866893;0.0291829;0.0250907;0.0267405;0.0154145;0.0286194;0.0284498;0.0244039;0.0278872;0.0653882;0.0691678;0.0673603;0.0624736;0.0658572;0.035729;0.0617995;0.0662505;0.0627485;0.148797;0.0651884;0.0639988;0.0678794;0.0639989;0.0462767;0.0652051;0.0611933;0.065148;0.0333235;0.0558611;0.0275722;0.00866893;0.0291829;0.0250907;0.0267405;0.0154145;0.0286194;0.0284498;0.0244039;0.0278872;0.0653882;0.0691678;0.0673603;0.0624736;0.0658572;0.035729;0.0617995;0.0662505;0.0627485;0.0666949
